-- MySQL dump 10.13  Distrib 8.0.16, for osx10.12 (x86_64)
--
-- Host: 127.0.0.1    Database: dissertation
-- ------------------------------------------------------
-- Server version	8.0.26

/*!40101 SET @OLD_CHARACTER_SET_CLIENT=@@CHARACTER_SET_CLIENT */;
/*!40101 SET @OLD_CHARACTER_SET_RESULTS=@@CHARACTER_SET_RESULTS */;
/*!40101 SET @OLD_COLLATION_CONNECTION=@@COLLATION_CONNECTION */;
 SET NAMES utf8mb4 ;
/*!40103 SET @OLD_TIME_ZONE=@@TIME_ZONE */;
/*!40103 SET TIME_ZONE='+00:00' */;
/*!40014 SET @OLD_UNIQUE_CHECKS=@@UNIQUE_CHECKS, UNIQUE_CHECKS=0 */;
/*!40014 SET @OLD_FOREIGN_KEY_CHECKS=@@FOREIGN_KEY_CHECKS, FOREIGN_KEY_CHECKS=0 */;
/*!40101 SET @OLD_SQL_MODE=@@SQL_MODE, SQL_MODE='NO_AUTO_VALUE_ON_ZERO' */;
/*!40111 SET @OLD_SQL_NOTES=@@SQL_NOTES, SQL_NOTES=0 */;

--
-- Table structure for table `coin`
--

DROP TABLE IF EXISTS `coin`;
/*!40101 SET @saved_cs_client     = @@character_set_client */;
 SET character_set_client = utf8mb4 ;
CREATE TABLE `coin` (
  `id` int NOT NULL AUTO_INCREMENT,
  `name` varchar(255) NOT NULL DEFAULT '',
  `symbol` varchar(5) CHARACTER SET utf8mb4 COLLATE utf8mb4_0900_ai_ci NOT NULL,
  `image_file` varchar(255) CHARACTER SET utf8mb4 COLLATE utf8mb4_0900_ai_ci NOT NULL DEFAULT '',
  PRIMARY KEY (`id`),
  UNIQUE KEY `symbol` (`symbol`)
) ENGINE=InnoDB AUTO_INCREMENT=7 DEFAULT CHARSET=utf8mb4 COLLATE=utf8mb4_0900_ai_ci;
/*!40101 SET character_set_client = @saved_cs_client */;

--
-- Dumping data for table `coin`
--

LOCK TABLES `coin` WRITE;
/*!40000 ALTER TABLE `coin` DISABLE KEYS */;
INSERT INTO `coin` VALUES (1,'Ethereum','ETH','eth.png'),(2,'Bitcoin','BTC','btc.png'),(3,'Dogecoin','DOGE','doge.png'),(4,'Litecoin','LITE','lite.png'),(5,'Ethereum Classic','ETC','etc.png'),(6,'Monero','XMR','xmr.png');
/*!40000 ALTER TABLE `coin` ENABLE KEYS */;
UNLOCK TABLES;

--
-- Table structure for table `coin_hashrate`
--

DROP TABLE IF EXISTS `coin_hashrate`;
/*!40101 SET @saved_cs_client     = @@character_set_client */;
 SET character_set_client = utf8mb4 ;
CREATE TABLE `coin_hashrate` (
  `id` int NOT NULL AUTO_INCREMENT,
  `coin_id` int NOT NULL,
  `hashrate` varchar(255) NOT NULL DEFAULT '0',
  `week` int NOT NULL DEFAULT '0',
  PRIMARY KEY (`id`),
  KEY `coin_id` (`coin_id`),
  CONSTRAINT `coin_hashrate_ibfk_1` FOREIGN KEY (`coin_id`) REFERENCES `coin` (`id`)
) ENGINE=InnoDB AUTO_INCREMENT=23 DEFAULT CHARSET=utf8mb4 COLLATE=utf8mb4_0900_ai_ci;
/*!40101 SET character_set_client = @saved_cs_client */;

--
-- Dumping data for table `coin_hashrate`
--

LOCK TABLES `coin_hashrate` WRITE;
/*!40000 ALTER TABLE `coin_hashrate` DISABLE KEYS */;
INSERT INTO `coin_hashrate` VALUES (18,1,'871292665844185',30),(19,2,'2.0067e20',30),(20,3,'513344201578760',30),(21,5,'23704940255870',30),(22,6,'2427000000',30);
/*!40000 ALTER TABLE `coin_hashrate` ENABLE KEYS */;
UNLOCK TABLES;

--
-- Table structure for table `mining_location`
--

DROP TABLE IF EXISTS `mining_location`;
/*!40101 SET @saved_cs_client     = @@character_set_client */;
 SET character_set_client = utf8mb4 ;
CREATE TABLE `mining_location` (
  `id` int NOT NULL AUTO_INCREMENT,
  `country` varchar(255) DEFAULT NULL,
  `latitude` float DEFAULT NULL,
  `longitude` float DEFAULT NULL,
  `mining_pool_id` int NOT NULL,
  `server_url` varchar(255) DEFAULT NULL,
  `ip_address` varchar(255) DEFAULT NULL,
  PRIMARY KEY (`id`),
  KEY `mining_pool_id` (`mining_pool_id`),
  CONSTRAINT `mining_location_ibfk_1` FOREIGN KEY (`mining_pool_id`) REFERENCES `mining_pool` (`id`)
) ENGINE=InnoDB AUTO_INCREMENT=152 DEFAULT CHARSET=utf8mb4 COLLATE=utf8mb4_0900_ai_ci;
/*!40101 SET character_set_client = @saved_cs_client */;

--
-- Dumping data for table `mining_location`
--

LOCK TABLES `mining_location` WRITE;
/*!40000 ALTER TABLE `mining_location` DISABLE KEYS */;
INSERT INTO `mining_location` VALUES (1,'Germany',51.1311,10.2046,5,NULL,NULL),(2,'Hong Kong',22.2719,114.182,12,NULL,NULL),(3,'Japan',35.4696,137.613,17,NULL,NULL),(4,'Finland',61.4912,25.8777,24,NULL,NULL),(5,'Hong Kong',22.2719,114.182,27,NULL,NULL),(6,'Japan',35.4696,137.613,29,NULL,NULL),(7,'Germany',51.1311,10.2046,32,NULL,NULL),(8,'Lithuania',55.4181,24.0906,34,NULL,NULL),(9,'Hong Kong',22.2719,114.182,35,NULL,NULL),(10,'Netherlands',52.1099,5.55104,37,NULL,NULL),(11,'France',46.6193,2.96239,40,NULL,NULL),(12,'France',46.6193,2.96239,41,NULL,NULL),(13,'Romania',45.8632,24.9065,44,NULL,NULL),(14,'Australia',-32.6024,145.51,45,NULL,NULL),(15,'Hong Kong',22.2719,114.182,46,NULL,NULL),(16,'Germany',51.1311,10.2046,52,NULL,NULL),(17,'Germany',51.1311,10.2046,54,NULL,NULL),(18,'Israel',31.3466,34.8615,57,NULL,NULL),(19,'Hong Kong',22.2719,114.182,63,NULL,NULL),(20,'Germany',51.1311,10.2046,67,NULL,NULL),(21,'Ukraine',49.3036,32.2672,71,NULL,NULL),(22,'Hong Kong',22.2719,114.182,74,NULL,NULL),(23,'Belgium',50.7538,4.60016,75,NULL,NULL),(24,'Brazil',-22.8167,-46.2933,76,NULL,NULL),(25,'France',46.6193,2.96239,77,NULL,NULL),(26,'Hong Kong',22.2719,114.182,78,NULL,NULL),(27,'Germany',51.1311,10.2046,80,NULL,NULL),(28,'Ukraine',49.3036,32.2672,81,NULL,NULL),(29,'Ukraine',49.3036,32.2672,82,NULL,NULL),(30,'Taiwan',23.6873,120.975,83,NULL,NULL),(31,'Mexico',22.3501,-101.752,89,NULL,NULL),(32,'Germany',51.1311,10.2046,96,NULL,NULL),(33,'Singapore',1.3409,103.844,110,NULL,NULL),(34,'Germany',51.1311,10.2046,112,NULL,NULL),(35,'Germany',51.1311,10.2046,115,NULL,NULL),(36,'Germany',51.1311,10.2046,116,NULL,NULL),(37,'France',46.6193,2.96239,120,NULL,NULL),(38,'France',46.6193,2.96239,124,NULL,NULL),(39,'Germany',51.1311,10.2046,125,NULL,NULL),(40,'Germany',51.1311,10.2046,127,NULL,NULL),(41,'Netherlands',52.1099,5.55104,132,NULL,NULL),(42,'Germany',51.1311,10.2046,133,NULL,NULL),(43,'United Kingdom',52.3823,-1.0984,134,NULL,NULL),(44,'Germany',51.1311,10.2046,140,NULL,NULL),(45,'Brazil',-22.8167,-46.2933,141,NULL,NULL),(46,'Japan',35.4696,137.613,145,NULL,NULL),(47,'France',46.6193,2.96239,148,NULL,NULL),(48,'France',46.6193,2.96239,150,NULL,NULL),(49,'France',46.6193,2.96239,153,NULL,NULL),(50,'Germany',51.1311,10.2046,154,NULL,NULL),(51,'Germany',51.1311,10.2046,155,NULL,NULL),(52,'Finland',61.4912,25.8777,158,NULL,NULL),(53,'Portugal',39.6332,-8.20109,159,NULL,NULL),(54,'Czech Republic',49.7387,15.6757,161,NULL,NULL),(55,'United Kingdom',52.3823,-1.0984,162,NULL,NULL),(56,'France',46.6193,2.96239,163,NULL,NULL),(57,'Netherlands',52.1099,5.55104,165,NULL,NULL),(58,'Bulgaria',42.6582,25.419,167,NULL,NULL),(59,'United Kingdom',52.3823,-1.0984,168,NULL,NULL),(60,'Germany',51.1311,10.2046,172,NULL,NULL),(61,'Hong Kong',22.2719,114.182,179,NULL,NULL),(62,'France',46.6193,2.96239,184,NULL,NULL),(63,'Germany',51.1311,10.2046,189,NULL,NULL),(64,'United Kingdom',52.3823,-1.0984,192,NULL,NULL),(65,'Germany',51.1311,10.2046,194,NULL,NULL),(66,'Germany',51.1311,10.2046,195,NULL,NULL),(67,'Germany',51.1311,10.2046,200,NULL,NULL),(68,'Ukraine',49.3036,32.2672,202,NULL,NULL),(69,'Ukraine',49.3036,32.2672,203,NULL,NULL),(70,'Netherlands',52.1099,5.55104,204,NULL,NULL),(71,'Germany',51.1311,10.2046,205,NULL,NULL),(72,'Germany',51.1311,10.2046,208,NULL,NULL),(73,'Ukraine',49.3036,32.2672,209,NULL,NULL),(74,'Belgium',50.7538,4.60016,211,NULL,NULL),(75,'Belgium',50.7538,4.60016,212,NULL,NULL),(76,'Netherlands',52.1099,5.55104,213,NULL,NULL),(77,'Brazil',-22.8167,-46.2933,214,NULL,NULL),(78,'Argentina',-38.3761,-63.7304,215,NULL,NULL),(79,'United Kingdom',52.3823,-1.0984,216,NULL,NULL),(80,'France',46.6193,2.96239,217,NULL,NULL),(81,'Germany',51.1311,10.2046,221,NULL,NULL),(82,'Germany',51.1311,10.2046,222,NULL,NULL),(83,'Germany',51.1311,10.2046,230,NULL,NULL),(84,'Germany',51.1311,10.2046,231,NULL,NULL),(85,'Germany',51.1311,10.2046,232,NULL,NULL),(86,'Germany',51.1311,10.2046,247,NULL,NULL),(87,'Germany',51.1311,10.2046,248,NULL,NULL),(88,'Germany',51.1311,10.2046,249,NULL,NULL),(128,'Russia',55.7522,37.6156,56,'btc.trustpool.ru','162.62.4.134'),(129,'sub_locations',NULL,NULL,3,'https://help.slushpool.com/en/support/solutions/articles/77000422800-bitcoin-mining-setup-on-slush-pool-%E2%98%85',NULL),(130,'United States',37.7757,-122.395,33,'us.ss.btc.com','172.65.222.110'),(131,'sub_locations',NULL,NULL,4,'https://sigmapool.com/',NULL),(132,'Germany',50.1109,8.682,6,'bak.ukrpool.com','8.209.107.116'),(135,'sub_locations',NULL,NULL,8,'https://help.emcd.io/en/articles/5376739-how-to-start-mining-bitcoin-btc',NULL),(136,'Canada',45.2099,-76.5527,11,NULL,NULL),(137,'Canada',49.2377,-123.047,13,NULL,NULL),(138,'United States',39.0395,-77.4918,14,'sha256d.kupool.com','52.71.234.75'),(139,'United States',39.0997,-94.5786,16,'btc.luxor.tech','35.244.212.109'),(140,'United States',37.7757,-122.395,19,'bs.ultimuspool.com','172.65.246.95'),(141,'United States',37.7757,-122.395,25,'sha256.poolbinance.com','172.65.217.190'),(142,'United States',37.7757,-122.395,31,'btc.f2pool.com','172.65.217.174'),(143,'United States',37.7757,-122.395,33,'us.ss.btc.com','172.65.236.221'),(144,'United States',39.0395,-77.4918,48,'btc.ss.poolin.one','23.23.216.222'),(145,'Germany',50.4779,12.3713,54,'btc.hashcity.org','138.201.198.155'),(146,'United States',37.7757,-122.395,58,'ss.antpool.com','172.65.254.61'),(147,'Canada',45.2099,-76.5527,10,NULL,NULL),(148,'Russia',60.0869,30.2718,47,'p2p-spb.xyz','5.188.104.245'),(149,'United States',38.7135,-77.7953,9,'pool.laurentiapool.org','51.81.56.49'),(150,'France',50.6942,3.1746,15,'europe.soloblocks.io',NULL),(151,'sub_locations',NULL,NULL,55,'https://btc.solomining.io/#asicConf',NULL);
/*!40000 ALTER TABLE `mining_location` ENABLE KEYS */;
UNLOCK TABLES;

--
-- Table structure for table `mining_pool`
--

DROP TABLE IF EXISTS `mining_pool`;
/*!40101 SET @saved_cs_client     = @@character_set_client */;
 SET character_set_client = utf8mb4 ;
CREATE TABLE `mining_pool` (
  `id` int NOT NULL AUTO_INCREMENT,
  `url` varchar(255) DEFAULT NULL,
  `country` varchar(255) NOT NULL,
  PRIMARY KEY (`id`)
) ENGINE=InnoDB AUTO_INCREMENT=251 DEFAULT CHARSET=utf8mb4 COLLATE=utf8mb4_0900_ai_ci;
/*!40101 SET character_set_client = @saved_cs_client */;

--
-- Dumping data for table `mining_pool`
--

LOCK TABLES `mining_pool` WRITE;
/*!40000 ALTER TABLE `mining_pool` DISABLE KEYS */;
INSERT INTO `mining_pool` VALUES (1,'https://bitminter.com','US|United States'),(2,'https://solo.ckpool.org','WL|US , EU'),(3,'https://slushpool.com','WL|US , EU , RU , Asia'),(4,'https://sigmapool.com','RU|Russia'),(5,'http://mmpool.org','DE|Germany'),(6,'https://ukrpool.com','CN|China'),(7,'https://bitcoin.blockwarepool.com','US|United States'),(8,'https://emcd.io/pool','WL|EU , US , RU , CN , IR'),(9,'https://pool.laurentiapool.org','US|United States'),(10,'https://greatpool.ca','CA|Canada'),(11,'https://foundrydigital.com','US|United States'),(12,'https://www.rawpool.com','HK|Hong Kong'),(13,'https://lincoin.com','CA|Canada'),(14,'https://www.kucoin.com/mining-pool','US|United States'),(15,'https://soloblocks.io','WL|US , EU , Asia'),(16,'https://mining.luxor.tech','US|United States'),(17,'https://sbicrypto.com','JP|Japan'),(18,'https://marapool.com','US|United States'),(19,'https://www.ultimuspool.com','US|United States'),(20,'https://kano.is','US|United States'),(21,'https://pool.titan.io','US|United States'),(22,'https://terrapool.io','US|United States'),(23,'https://cruxpool.com/btc','WL|US , EU'),(24,'https://beta.zulupool.com','FI|Finland'),(25,'https://pool.binance.com','US|United States'),(26,'https://www.mining-dutch.nl/pools/bitcoin.php','WL|EU , US , Asia'),(27,'https://www.kelepool.com','HK|Hong Kong'),(28,'http://mining.securepayment.cc/pools/bitcoin','US|United States'),(29,'https://www.spiderpool.com','JP|Japan'),(30,'https://pool2mine.net','WL|US , BR'),(31,'https://www.f2pool.com','WL|Global'),(32,'https://www.viabtc.net','DE|Germany'),(33,'https://pool.btc.com','WL|CN , EU , US'),(34,'https://zsolo.bid','LT|Lithuania'),(35,'https://www.okx.com/pool','HK|Hong Kong'),(36,'https://luckymonster.pro','US|United States'),(37,'https://www.nlpool.nl','NL|Netherlands'),(38,'https://lionpool.org','US|United States'),(39,'https://miningmadness.com','US|United States'),(40,'https://mpool.eu.org','FR|France'),(41,'https://1pool.org','FR|France'),(42,'https://kriptokyng.com/#btc','US|United States'),(43,'https://anomp.cc','CN|China'),(44,'https://ccmpool.ro','RO|Romania'),(45,'https://au-merged-mine.cminors-pool.com','AU|Australia'),(46,'https://jniupool.com','HK|Hong Kong'),(47,'http://p2p-spb.xyz:9334','P2P|P2Pool Network'),(48,'https://www.poolin.com','US|United States'),(49,'https://mining4people.com/#bitcoinpplns','WL|EU , US , Asia'),(50,'http://lidonia.com','US|United States'),(51,'http://www.dpooltop.com','WL|CN , US , EU'),(52,'http://38.242.131.141/#latinhashBTC','DE|Germany'),(53,'https://prohashing.com','US|United States'),(54,'https://hashcity.org','DE|Germany'),(55,'https://btc.solomining.io','WL|EU , US , AUS , ASIA'),(56,'https://trustpool.cc','WL|EU , Asia'),(57,'https://pool4ever.com','IL|Israel'),(58,'https://antpool.com','WL|Global'),(59,'https://legacy.luxor.tech','WL|US , EU , ASIA'),(60,'https://ethpool.org','WL|US , EU , Asia'),(61,'https://ethermine.org','WL|US , EU , Asia'),(62,'https://hiveon.net','WL|EU , RU'),(63,'https://rainbowpool.io','HK|Hong Kong'),(64,'https://ezil.me','WL|US , EU , Asia'),(65,'https://flexpool.io','WL|EU , US , Asia'),(66,'https://woolypooly.com','WL|EU , US , AU , Asia'),(67,'https://www.kryptex.org','DE|Germany'),(68,'https://zetpool.org/eth/','EU|Europe'),(69,'https://zetpool.org/eth-pps','EU|Europe'),(70,'https://www.tweth.tw','CA|Canada'),(71,'http://eth.baypool.org','UA|Ukraine'),(72,'https://ethereum.pool-moscow.ru','RU|Russia'),(73,'https://eth.cominers.org','US|United States'),(74,'https://ztyj0000.com/eth','HK|Hong Kong'),(75,'https://eu-ethpool.ddns.net','BE|Belgium'),(76,'https://pool.imzlabs.net','BR|Brazil'),(77,'https://solo-eth.poolbe.eu','FR|France'),(78,'https://www.hkwebstore.com','HK|Hong Kong'),(79,'https://eth.solomine.org','RU|Russia'),(80,'https://eth-solo.whitepool.net','DE|Germany'),(81,'https://eth.ua-mining.com','UA|Ukraine'),(82,'https://solo-eth.ua-mining.com','UA|Ukraine'),(83,'https://gpumine.org','TW|Taiwan'),(84,'https://miningdao.io','US|United States'),(85,'https://richpool.net','WL|US , Asia'),(86,'https://e4pool.com/eth','RU|Russia'),(87,'https://e4pool.com/solo-eth','RU|Russia'),(88,'https://ethpool.coinfly.cc','WL|US , EU'),(89,'https://simpleminer.app','MX|Mexico'),(90,'https://eth.solopool.org','WL|EU, US'),(91,'https://hellominer.com/ETH/EthHome.aspx','US|United States'),(92,'https://moneroocean.stream','WL|US , EU , Asia'),(93,'https://c3pool.com','WL|US , EU , Asia'),(94,'https://cruxpool.com/eth','WL|US , EU , ASIA'),(95,'https://eth.digipools.org','US|United States'),(96,'https://hash.express/eth/#eth','DE|Germany'),(97,'https://ethereum.herominers.com','WL|EU , US , ASIA'),(98,'https://k1pool.com/pool/eth','WL|EU , US , CN'),(99,'https://k1pool.com/pool/ethsolo','WL|EU , US , CN'),(100,'https://www.666pool.com','CN|China'),(101,'https://eth.crazypool.org','WL|EU , US , Asia , LatAm'),(102,'https://eth.2miners.com','WL|ASIA , EU , US'),(103,'https://solo-eth.2miners.com','WL|ASIA , EU , US'),(104,'https://eth.nanopool.org','WL|EU , US , Asia , Australia'),(105,'https://ethereum.miningpoolhub.com','WL|US , EU , Asia'),(106,'https://comining.io','WL|US , EU , RU , ASIA'),(107,'https://www.xnpool.com','CN|China'),(108,'https://liberty-pool.com','US|United States'),(109,'http://zergpool.com','WL|US , EU , ASIA'),(110,'https://www.x-pool.io','SG|Singapore'),(111,'https://mining4people.com/#eth-pplns','WL|EU , US , Asia'),(112,'https://whalesburg.com','DE|Germany'),(113,'https://ethcore.ru/pool/ethpool','RU|Russia'),(114,'https://baikalmine.com','RU|Russia'),(115,'https://eth.molepool.com','DE|Germany'),(116,'https://solo-eth.myminers.org','DE|Germany'),(117,'https://minerall.io','CN|China'),(118,'https://www.litecoinpool.org','WL|US, EU'),(119,'https://akarospool.com','WL|US, EU, Asia'),(120,'https://doge.mininghub.eu','FR|France'),(121,'https://p2pool.hyperdonkey.com/static','P2P|P2Pool Network'),(122,'http://blockmasters.co','WL|US , EU'),(123,'https://www.mining-dutch.nl/pools/dogecoin.php','WL|EU , US , Asia'),(124,'https://aikapool.com/doge','FR|France'),(125,'https://miner-control.de','DE|Germany'),(126,'https://cryptopools.aod-tech.com','US|United States'),(127,'https://merged1.cminors-pool.com','DE|Germany'),(128,'https://coinminerz.com','WL|EU , US , Asia'),(129,'https://foxd.darkfibermines.com','US|United States'),(130,'https://zpool.ca','WL|US , EU , ASIA'),(131,'https://pool.criptomyner.ca','CA|Canada'),(132,'https://poolx.rwinfo.club','NL|Netherlands'),(133,'https://coinxpool.com','DE|Germany'),(134,'https://myminingpool.uk','GB|United Kingdom'),(135,'http://p2p-spb.xyz:4556','P2P|P2Pool Network'),(136,'https://coinstop.me','US|United States'),(137,'https://aminingpool.com/#doge','CA|Canada'),(138,'https://aminingpool.com/#dogepplns','CA|Canada'),(139,'https://aminingpool.com/#dogesolo','CA|Canada'),(140,'https://cryptohamstr.com','DE|Germany'),(141,'https://onfirepool.ddns.net','BR|Brazil'),(142,'https://ltc.solomining.io','WL|EU , US , AUS , ASIA'),(143,'https://ltc.solopool.org','WL|EU, US'),(144,'http://minecointo.net:8080','US|United States'),(145,'https://www.dxpool.net','JP|Japan'),(146,'http://mining.securepayment.cc/pools/litecoin','US|United States'),(147,'https://www.mining-dutch.nl/pools/litecoin.php','WL|EU , US , Asia'),(148,'https://aikapool.com/ltc','FR|France'),(149,'https://litecoin.miningpoolhub.com','WL|US , EU , Asia'),(150,'https://xpoolx.com','FR|France'),(151,'https://ausmtpool.finance','US|United States'),(152,'https://mining4people.com/#litecoin-pplns','WL|EU , US , Asia'),(153,'https://fpool.eu','FR|France'),(154,'https://bibipool.com','DE|Germany'),(155,'https://hash-to-coins.com','DE|Germany'),(156,'http://minexmr.com','WL|EU , US , Asia'),(157,'https://www.supportxmr.com','US|United States'),(158,'https://xmrfast.com','FI|Finland'),(159,'https://pool.xmr.pt','PT|Portugal'),(160,'https://monero.pool-moscow.ru','RU|Russia'),(161,'https://bohemianpool.com','CZ|Czech Republic'),(162,'https://xmr.pukkapool.com','GB|United Kingdom'),(163,'https://monero.crypto-pool.fr','FR|France'),(164,'https://monerohash.com','US|United States'),(165,'https://web.xmrpool.eu','NL|Netherlands'),(166,'https://cryptonote.social/xmr','US|United States'),(167,'https://fastpool.xyz/xmr','BG|Bulgaria'),(168,'https://monero.ragerx.lol','GB|United Kingdom'),(169,'https://xmrpool.sargatxet.cloud','CA|Canada'),(170,'https://xmr.pool2mine.net','US|United States'),(171,'https://xmrnet.com','US|United States'),(172,'https://minerno.de','DE|Germany'),(173,'http://monerop.com','CA|Canada'),(174,'https://bluenose.link','CA|Canada'),(175,'https://pool.aterx.com','CA|Canada'),(176,'https://xmr-pool.com','US|United States'),(177,'https://p2pool.io/mini','P2P|P2Pool Network'),(178,'https://p2pool.io','P2P|P2Pool Network'),(179,'https://onepool.cc/xmr','HK|Hong Kong'),(180,'https://xmr.dook.xyz','US|United States'),(181,'https://monerod.org','WL|US , EU, AU , Asia'),(182,'https://myriade.io','US|United States'),(183,'https://xmr.zeropool.io','US|United States'),(184,'https://xmr.mininghub.eu','FR|France'),(185,'https://xmr.volt-mine.com','WL|EU , US , Asia'),(186,'https://xmr.azpool.win','US|United States'),(187,'https://xmr.solopool.org','EU|Europe'),(188,'https://hellominer.com/XMR/XmrHome.aspx','US|United States'),(189,'https://monero.fairhash.org','DE|Germany'),(190,'https://monero.herominers.com','WL|EU , US , ASIA'),(191,'https://monero.hashvault.pro','WL|EU , US , Asia'),(192,'https://xmr.pool.gntl.co.uk','GB|United Kingdom'),(193,'https://cpu.skypool.org','CN|China'),(194,'https://xmr.2miners.com','DE|Germany'),(195,'https://solo-xmr.2miners.com','DE|Germany'),(196,'https://xmr.nanopool.org','WL|EU , US , Asia , Australia'),(197,'https://monero.miningpoolhub.com','WL|US , EU , Asia'),(198,'https://pool.rplant.xyz','WL|RU , EU , US , Asia'),(199,'https://webxmr.semipool.com','US|United States'),(200,'https://xmr.pool-pay.com','DE|Germany'),(201,'https://zetpool.org/etc','EU|Europe'),(202,'https://etc.ua-mining.com','UA|Ukraine'),(203,'https://solo-etc.ua-mining.com','UA|Ukraine'),(204,'https://etc.rupool.pro','NL|Netherlands'),(205,'http://etc.pearpool.com','DE|Germany'),(206,'https://etc.pool-moscow.ru','RU|Russia'),(207,'https://soloetc.pool-moscow.ru','RU|Russia'),(208,'https://etc.4minerspool.com','DE|Germany'),(209,'https://etc.baypool.org','UA|Ukraine'),(210,'https://etcpool.us','WL|EU , US , Asia'),(211,'https://pplns.poolbe.eu','BE|Belgium'),(212,'https://poolbe.eu','BE|Belgium'),(213,'https://poolit.io','NL|Netherlands'),(214,'http://pooletc.imzlabs.net:8080','BR|Brazil'),(215,'http://argenpool.org','AR|Argentina'),(216,'https://etcmining.club','GB|United Kingdom'),(217,'https://etc-pool.com','FR|France'),(218,'http://etc.supermining.site','RU|Russia'),(219,'http://solo-etc.supermining.site','RU|Russia'),(220,'https://etc.cominers.org','US|United States'),(221,'https://etc-pps.whitepool.net','DE|Germany'),(222,'https://etc-solo.whitepool.net','DE|Germany'),(223,'https://etc.ethermine.org','WL|US , EU , Asia'),(224,'https://etc.pool2mine.net','US|United States'),(225,'https://etc.darkfibermines.com','CA|Canada'),(226,'https://etc.solomine.org','RU|Russia'),(227,'https://e4pool.com/etc','RU|Russia'),(228,'https://e4pool.com/solo-etc','RU|Russia'),(229,'https://etc.ravenmine.co','US|United States'),(230,'https://pool.express','DE|Germany'),(231,'https://pool.express/solo','DE|Germany'),(232,'https://etc.bliksempool.com','DE|Germany'),(233,'https://etc.solopool.org','WL|EU, US'),(234,'https://hellominer.com/ETC/EtcHome.aspx','US|United States'),(235,'https://cruxpool.com/etc','WL|US , EU'),(236,'https://etc.digipools.org','US|United States'),(237,'https://etc.herominers.com','WL|EU , US , ASIA'),(238,'https://k1pool.com/pool/etc','WL|EU , US , CN'),(239,'https://k1pool.com/pool/etcsolo','WL|EU , US , CN'),(240,'https://etc.crazypool.org','WL|EU , US , Asia , LatAm'),(241,'https://etc.2miners.com','WL|ASIA , EU , US'),(242,'https://solo-etc.2miners.com','WL|ASIA , EU , US'),(243,'https://etc.nanopool.org','WL|EU , US , Asia , Australia'),(244,'https://ethereum-classic.miningpoolhub.com','WL|US , EU , Asia'),(245,'https://coolpool.top/pool?coin=etc&type=pplns','RU|Russia'),(246,'https://coolpool.top/pool?coin=etcSolo&type=solo','RU|Russia'),(247,'https://etc.molepool.com','DE|Germany'),(248,'https://etc.myminers.org','DE|Germany'),(249,'https://solo-etc.myminers.org','DE|Germany'),(250,'https://raptorhash.com','US|United States');
/*!40000 ALTER TABLE `mining_pool` ENABLE KEYS */;
UNLOCK TABLES;

--
-- Table structure for table `pool_coin`
--

DROP TABLE IF EXISTS `pool_coin`;
/*!40101 SET @saved_cs_client     = @@character_set_client */;
 SET character_set_client = utf8mb4 ;
CREATE TABLE `pool_coin` (
  `id` int NOT NULL AUTO_INCREMENT,
  `coin_id` int NOT NULL,
  `mining_pool_id` int NOT NULL,
  PRIMARY KEY (`id`),
  KEY `coin_id` (`coin_id`),
  KEY `mining_pool_id` (`mining_pool_id`),
  CONSTRAINT `pool_coin_ibfk_1` FOREIGN KEY (`coin_id`) REFERENCES `coin` (`id`),
  CONSTRAINT `pool_coin_ibfk_2` FOREIGN KEY (`mining_pool_id`) REFERENCES `mining_pool` (`id`)
) ENGINE=InnoDB AUTO_INCREMENT=300 DEFAULT CHARSET=utf8mb4 COLLATE=utf8mb4_0900_ai_ci;
/*!40101 SET character_set_client = @saved_cs_client */;

--
-- Dumping data for table `pool_coin`
--

LOCK TABLES `pool_coin` WRITE;
/*!40000 ALTER TABLE `pool_coin` DISABLE KEYS */;
INSERT INTO `pool_coin` VALUES (1,1,60),(2,1,61),(3,1,62),(4,1,64),(5,1,6),(6,1,65),(7,1,8),(8,1,66),(9,1,67),(10,1,68),(11,1,69),(12,1,70),(13,1,71),(14,1,72),(15,1,73),(16,1,74),(17,1,75),(18,1,76),(19,1,77),(20,1,78),(21,1,79),(22,1,81),(23,1,82),(24,1,14),(25,1,83),(26,1,17),(27,1,84),(28,1,85),(29,1,86),(30,1,87),(31,1,89),(32,1,16),(33,1,90),(34,1,91),(35,1,92),(36,1,94),(37,1,95),(38,1,29),(39,1,25),(40,1,96),(41,1,97),(42,1,98),(43,1,99),(44,1,27),(45,1,100),(46,1,101),(47,1,30),(48,1,102),(49,1,103),(50,1,31),(51,1,104),(52,1,105),(53,1,32),(54,1,106),(55,1,33),(56,1,107),(57,1,35),(58,1,109),(59,1,46),(60,1,39),(61,1,110),(62,1,48),(63,1,112),(64,1,113),(65,1,53),(66,1,114),(67,1,54),(68,1,56),(69,1,115),(70,1,116),(71,1,117),(72,1,58),(73,2,2),(74,2,3),(75,2,4),(76,2,5),(77,2,6),(78,2,8),(79,2,9),(80,2,10),(81,2,11),(82,2,12),(83,2,13),(84,2,14),(85,2,15),(86,2,16),(87,2,17),(88,2,19),(89,2,23),(90,2,24),(91,2,25),(92,2,26),(93,2,27),(94,2,31),(95,2,32),(96,2,33),(97,2,34),(98,2,35),(99,2,36),(100,2,40),(101,2,41),(102,2,45),(103,2,46),(104,2,47),(105,2,48),(106,2,49),(107,2,51),(108,2,54),(109,2,55),(110,2,56),(111,2,59),(112,2,58),(113,3,118),(114,3,8),(115,3,120),(116,3,121),(117,3,24),(118,3,123),(119,3,124),(120,3,126),(121,3,31),(122,3,32),(123,3,33),(124,3,34),(125,3,36),(126,3,38),(127,3,128),(128,3,37),(129,3,131),(130,3,41),(131,3,133),(132,3,134),(133,3,135),(134,3,48),(135,3,50),(136,3,137),(137,3,138),(138,3,139),(139,3,56),(140,3,141),(141,3,58),(142,4,118),(143,4,4),(144,4,6),(145,4,8),(146,4,142),(147,4,121),(148,4,143),(149,4,24),(150,4,145),(151,4,25),(152,4,27),(153,4,147),(154,4,148),(155,4,126),(156,4,31),(157,4,149),(158,4,32),(159,4,33),(160,4,34),(161,4,107),(162,4,35),(163,4,36),(164,4,127),(165,4,128),(166,4,39),(167,4,40),(168,4,130),(169,4,109),(170,4,134),(171,4,46),(172,4,48),(173,4,53),(174,4,54),(175,4,56),(176,4,155),(177,4,58),(178,5,201),(179,5,202),(180,5,203),(181,5,205),(182,5,206),(183,5,207),(184,5,209),(185,5,210),(186,5,211),(187,5,212),(188,5,213),(189,5,214),(190,5,215),(191,5,216),(192,5,217),(193,5,218),(194,5,219),(195,5,220),(196,5,221),(197,5,222),(198,5,223),(199,5,224),(200,5,62),(201,5,64),(202,5,66),(203,5,225),(204,5,67),(205,5,226),(206,5,227),(207,5,228),(208,5,65),(209,5,229),(210,5,231),(211,5,232),(212,5,233),(213,5,234),(214,5,235),(215,5,236),(216,5,29),(217,5,25),(218,5,237),(219,5,238),(220,5,239),(221,5,27),(222,5,100),(223,5,240),(224,5,241),(225,5,242),(226,5,31),(227,5,243),(228,5,244),(229,5,32),(230,5,106),(231,5,33),(232,5,107),(233,5,245),(234,5,246),(235,5,41),(236,5,109),(237,5,39),(238,5,110),(239,5,48),(240,5,53),(241,5,114),(242,5,54),(243,5,247),(244,5,248),(245,5,249),(246,5,117),(247,5,250),(248,5,58),(249,6,156),(250,6,157),(251,6,158),(252,6,159),(253,6,160),(254,6,161),(255,6,162),(256,6,163),(257,6,164),(258,6,165),(259,6,166),(260,6,167),(261,6,168),(262,6,169),(263,6,170),(264,6,171),(265,6,172),(266,6,173),(267,6,174),(268,6,175),(269,6,176),(270,6,177),(271,6,178),(272,6,180),(273,6,181),(274,6,67),(275,6,183),(276,6,184),(277,6,185),(278,6,66),(279,6,187),(280,6,92),(281,6,93),(282,6,145),(283,6,189),(284,6,190),(285,6,191),(286,6,192),(287,6,193),(288,6,194),(289,6,195),(290,6,196),(291,6,197),(292,6,198),(293,6,108),(294,6,39),(295,6,199),(296,6,109),(297,6,200),(298,6,53),(299,6,54);
/*!40000 ALTER TABLE `pool_coin` ENABLE KEYS */;
UNLOCK TABLES;

--
-- Table structure for table `pool_hashrate`
--

DROP TABLE IF EXISTS `pool_hashrate`;
/*!40101 SET @saved_cs_client     = @@character_set_client */;
 SET character_set_client = utf8mb4 ;
CREATE TABLE `pool_hashrate` (
  `id` int NOT NULL AUTO_INCREMENT,
  `hashrate` varchar(255) DEFAULT NULL,
  `week` int DEFAULT '0',
  `mining_pool_id` int NOT NULL,
  `coin_id` int NOT NULL,
  PRIMARY KEY (`id`),
  KEY `mining_pool_id` (`mining_pool_id`),
  KEY `coin_id` (`coin_id`),
  CONSTRAINT `pool_hashrate_ibfk_1` FOREIGN KEY (`mining_pool_id`) REFERENCES `mining_pool` (`id`),
  CONSTRAINT `pool_hashrate_ibfk_2` FOREIGN KEY (`coin_id`) REFERENCES `coin` (`id`)
) ENGINE=InnoDB AUTO_INCREMENT=229 DEFAULT CHARSET=utf8mb4 COLLATE=utf8mb4_0900_ai_ci;
/*!40101 SET character_set_client = @saved_cs_client */;

--
-- Dumping data for table `pool_hashrate`
--

LOCK TABLES `pool_hashrate` WRITE;
/*!40000 ALTER TABLE `pool_hashrate` DISABLE KEYS */;
INSERT INTO `pool_hashrate` VALUES (2,'25165834576896068',30,2,2),(3,'1.2139948997517855e19',30,3,2),(4,'1.19925255087069e18',30,4,2),(5,'10849937190355.03',30,5,2),(6,'2.865370783390534e17',30,6,2),(8,'3.7287426775147935e18',30,8,2),(9,'323282218934911.1',30,9,2),(10,'2.360192731609467e18',30,10,2),(11,'4.427842150840237e19',30,11,2),(12,'2.4705651566627226e18',30,12,2),(13,'1.631986189343195e17',30,13,2),(14,'4.3722639330118364e18',30,14,2),(15,'256160763397633.1',30,15,2),(16,'6.306577010351191e18',30,16,2),(17,'3.3675419541420104e18',30,17,2),(18,'2.4225841657656797e17',30,19,2),(19,'1343697351248521',30,23,2),(20,'941196501183.432',30,24,2),(21,'2.112214462857988e19',30,25,2),(22,'29096820986171590',30,26,2),(23,'6.881559907502964e17',30,27,2),(27,'3.051997399372783e19',30,31,2),(28,'1.8507861874674553e19',30,32,2),(29,'8.550385806603547e18',30,33,2),(30,'1.3341523112603546e17',30,34,2),(31,'97323029663905.31',30,35,2),(32,'76558575185029580',30,36,2),(36,'2.7197321454023675e18',30,40,2),(37,'85459352538165740',30,41,2),(41,'46669888940151.51',30,45,2),(42,'54027991124260310',30,46,2),(43,'1010835769182840.5',30,47,2),(44,'2.411056161242603e19',30,48,2),(45,'32536729346.81656',30,49,2),(47,'30132978550295864',30,51,2),(50,'1.9757746807485037e17',30,54,2),(51,'954598052990532.1',30,55,2),(52,'1.5318737835443804e18',30,56,2),(54,'3.273586809704143e19',30,58,2),(55,'5584833782282051',30,59,2),(56,'3822444444',30,60,1),(57,'261846820570833.3',30,61,1),(58,'95821388030833.33',30,62,1),(59,'23830705940892.85',30,64,1),(60,'47682220854583.37',30,65,1),(61,'93325792719.64284',30,66,1),(62,'1056807915904.7615',30,67,1),(63,'321563061507.7379',30,68,1),(64,'169352653795.83325',30,69,1),(65,'1431380741.9702387',30,70,1),(66,'25165983.767857138',30,71,1),(67,'104303034477.32149',30,72,1),(68,'12831299.38095238',30,73,1),(69,'137993288232.67853',30,74,1),(70,'806962.8095238096',30,75,1),(71,'26055948420.297615',30,76,1),(72,'2315927185.5297613',30,77,1),(73,'102217097612.20244',30,78,1),(74,'1956484509.779762',30,79,1),(75,'2519519.9939024393',30,81,1),(76,'840531529.9451215',30,82,1),(77,'11631457551785.719',30,83,1),(78,'65256801.464285724',30,84,1),(79,'18921956621309.543',30,85,1),(80,'666928519360.7147',30,86,1),(81,'1540733496.9573178',30,87,1),(82,'1940747424916.666',30,89,1),(83,'419001339616.6665',30,90,1),(84,'187443174563.09518',30,91,1),(85,'33974343960.17859',30,92,1),(86,'949171453388.6897',30,94,1),(87,'3593499793.619048',30,95,1),(88,'11566443005922.615',30,29,1),(89,'45543587034.22619',30,96,1),(90,'282161646586.9048',30,97,1),(91,'145918393780.47632',30,98,1),(92,'3143645643817.2607',30,99,1),(93,'4020212962964.288',30,100,1),(94,'2475750404809.5234',30,101,1),(95,'24865890921.369057',30,30,1),(96,'63074846003214.28',30,102,1),(97,'6766148119172.62',30,103,1),(98,'26074381813392.848',30,104,1),(99,'21289565857023.816',30,105,1),(100,'43305223158.63095',30,106,1),(101,'2615098214285.715',30,107,1),(102,'361969273.8154764',30,109,1),(103,'137200933361.30951',30,39,1),(104,'5250536407969.699',30,110,1),(105,'16106859344.305973',30,112,1),(106,'375601288.65822786',30,113,1),(107,'153719711339.28564',30,53,1),(108,'194146819358.92853',30,114,1),(109,'947222220.7784425',30,115,1),(110,'4870085.595238095',30,116,1),(111,'218030507239.9222',30,117,1),(112,'74555026960773.78',30,118,3),(113,'2794312238.6130953',30,120,3),(114,'532870629616.0715',30,121,3),(115,'2357052014619.0483',30,123,3),(116,'31175987570.000004',30,124,3),(117,'1234490105.7202384',30,126,3),(118,'1308.1309523809523',30,38,3),(119,'29945134486.845234',30,128,3),(120,'349716.4285714286',30,37,3),(121,'36570140.64880952',30,131,3),(122,'62.6547619047619',30,133,3),(123,'17229982.476190478',30,134,3),(124,'1587185427.9107149',30,135,3),(125,'47617002.38095238',30,50,3),(126,'2634.6190476190477',30,137,3),(127,'133.94610778443115',30,138,3),(128,'1138.9281437125749',30,139,3),(129,'378312181.8645833',30,141,3),(130,'891909245.4852074',30,142,4),(131,'42207571005.91714',30,143,4),(132,'2976168639053.254',30,145,4),(133,'1491128113059.1719',30,147,4),(134,'5761674671.597634',30,148,4),(135,'1529149905.1834316',30,149,4),(136,'5.100591715976331',30,127,4),(137,'1307956.544378699',30,130,4),(138,'41137.27810650888',30,155,4),(139,'949857243.4880956',30,156,6),(140,'356052962.98809516',30,157,6),(141,'860380.9107142856',30,158,6),(142,'150669.47619047627',30,159,6),(143,'617592.8928571427',30,160,6),(144,'310853.55357142864',30,161,6),(145,'3296.5238095238096',30,162,6),(146,'165238.3273809524',30,163,6),(147,'4031643.541666665',30,164,6),(148,'73489668.64285713',30,165,6),(149,'2561983.32738095',30,166,6),(150,'249316.3511904761',30,167,6),(151,'353973.6726190475',30,168,6),(152,'1010559.3571428574',30,169,6),(153,'180.1130952380952',30,170,6),(154,'494.4583333333333',30,171,6),(155,'736.8452380952381',30,172,6),(156,'296851.8928571427',30,173,6),(157,'9949.392857142851',30,174,6),(158,'298429.4821428571',30,175,6),(159,'384339.261904762',30,176,6),(160,'7219804.4226190485',30,177,6),(161,'113783011.1904762',30,178,6),(162,'6463.619047619049',30,180,6),(163,'16618138.982142864',30,181,6),(164,'13091.20238095238',30,183,6),(165,'1452.2619047619044',30,184,6),(166,'155688.57738095234',30,185,6),(167,'10392423.934523806',30,187,6),(168,'109586996.10119046',30,93,6),(169,'43507.54166666664',30,189,6),(170,'8201025.31547619',30,190,6),(171,'53252912.85714285',30,191,6),(172,'1334540.68452381',30,192,6),(173,'31828381.791666653',30,193,6),(174,'38049315.273809545',30,194,6),(175,'45275112.29166668',30,195,6),(176,'375700725.0119045',30,196,6),(177,'9868322.458333327',30,197,6),(178,'2048848.1250000007',30,198,6),(179,'1311855.5357142854',30,108,6),(180,'540.6607142857142',30,199,6),(181,'5040.017857142858',30,200,6),(182,'20551502383.66864',30,201,5),(183,'142659.45454545456',30,202,5),(184,'2717938495.272727',30,203,5),(185,'708119.1775147929',30,205,5),(186,'1075882841.6331363',30,206,5),(187,'1051742174.0650892',30,207,5),(188,'52980753.313609496',30,209,5),(189,'5856484808.437868',30,210,5),(190,'51325149.254437864',30,211,5),(191,'4576156706.189349',30,212,5),(192,'18676234.497041415',30,213,5),(193,'220262326.60355031',30,214,5),(194,'2974057723.6035514',30,215,5),(195,'977660878.7100589',30,216,5),(196,'698335861.8284022',30,217,5),(197,'33803937.331360936',30,218,5),(198,'1579318115.0295851',30,219,5),(199,'162801008.14201188',30,220,5),(200,'693668550.295858',30,221,5),(201,'153843106.50887573',30,222,5),(202,'6675812819313.609',30,223,5),(203,'355678840.02366865',30,224,5),(204,'46139820.7810651',30,225,5),(205,'209285623.39053252',30,226,5),(206,'30846840544.606075',30,227,5),(207,'16991632647.68485',30,228,5),(208,'70483246.0591716',30,229,5),(209,'8288415.775147928',30,231,5),(210,'388703746.7461539',30,232,5),(211,'134329094674.55624',30,233,5),(212,'2342615882.9053264',30,234,5),(213,'28578412851.479298',30,235,5),(214,'860656935.893491',30,236,5),(215,'44073326588.81659',30,237,5),(216,'8265137945.284023',30,238,5),(217,'4582571611.609468',30,239,5),(218,'371142271352.07086',30,240,5),(219,'4910544605017.754',30,241,5),(220,'495077917789.3491',30,242,5),(221,'1189265509467.4553',30,243,5),(222,'673814188557.3961',30,244,5),(223,'917338816.5680474',30,245,5),(224,'6642893491.124263',30,246,5),(225,'459178554.36486536',30,247,5),(226,'62366639086.390526',30,248,5),(227,'1562827037.3076918',30,249,5),(228,'17696591.240740743',30,250,5);
/*!40000 ALTER TABLE `pool_hashrate` ENABLE KEYS */;
UNLOCK TABLES;

--
-- Table structure for table `sub_locations`
--

DROP TABLE IF EXISTS `sub_locations`;
/*!40101 SET @saved_cs_client     = @@character_set_client */;
 SET character_set_client = utf8mb4 ;
CREATE TABLE `sub_locations` (
  `id` int NOT NULL AUTO_INCREMENT,
  `mining_location_id` int NOT NULL,
  `latitude` float NOT NULL,
  `longitude` float DEFAULT NULL,
  `country` varchar(255) DEFAULT NULL,
  `server_url` varchar(255) DEFAULT NULL,
  `ip_address` varchar(255) DEFAULT NULL,
  PRIMARY KEY (`id`)
) ENGINE=InnoDB AUTO_INCREMENT=23 DEFAULT CHARSET=utf8mb4 COLLATE=utf8mb4_0900_ai_ci;
/*!40101 SET character_set_client = @saved_cs_client */;

--
-- Dumping data for table `sub_locations`
--

LOCK TABLES `sub_locations` WRITE;
/*!40000 ALTER TABLE `sub_locations` DISABLE KEYS */;
INSERT INTO `sub_locations` VALUES (1,129,50.1109,8.682,'Germany','stratum.slushpool.com','46.101.135.192'),(2,129,52.3785,4.9,'Netherlands','eu.stratum.slushpool.com','188.166.16.158'),(3,129,39.0395,-77.4918,'United States','us-east.stratum.slushpool.com','3.88.235.65'),(4,129,-23.5474,-46.6374,'Brazil','br.stratum.slushpool.com','18.230.45.148'),(5,129,43.6535,-79.384,'Canada','ca.stratum.slushpool.com','167.99.188.242'),(6,129,1.2897,103.85,'Singapore','sg.stratum.slushpool.com','178.128.223.211'),(7,129,35.6895,139.692,'Japan','jp.stratum.slushpool.com','54.92.80.66'),(8,129,55.7522,37.6156,'Russia','ru-west.stratum.slushpool.com','91.237.249.92'),(9,129,43.25,76.95,'Kazakhstan','kz.stratum.slushpool.com','91.215.139.194'),(12,131,59.8944,30.2642,'Russia','ru1.btc.sigmapool.com','185.10.187.163'),(13,131,50.1109,8.682,'Germany','eu1.btc.sigmapool.com','18.193.187.245'),(14,135,59.8944,30.2642,'Russia','gate.emcd.io','95.143.184.198'),(15,135,50.4779,12.3713,'Germany','eu.emcd.io','49.12.219.118'),(16,135,48.5167,66.7667,'Kazakhstan','kz.emcd.io','185.22.64.106'),(17,135,22.2855,114.158,'Hong Kong','cn.emcd.io','47.244.12.247'),(18,135,47.6157,-122.344,'United States','us.emcd.io','45.77.208.112'),(19,135,35.6944,51.4215,'Iran','ir.emcd.io','31.25.90.172'),(21,151,50.6942,3.1746,'France','stratum.solomining.io',NULL),(22,151,38.9567,-77.3421,'United States','usa-east.solomining.io','147.135.76.240');
/*!40000 ALTER TABLE `sub_locations` ENABLE KEYS */;
UNLOCK TABLES;

--
-- Dumping routines for database 'dissertation'
--
/*!40103 SET TIME_ZONE=@OLD_TIME_ZONE */;

/*!40101 SET SQL_MODE=@OLD_SQL_MODE */;
/*!40014 SET FOREIGN_KEY_CHECKS=@OLD_FOREIGN_KEY_CHECKS */;
/*!40014 SET UNIQUE_CHECKS=@OLD_UNIQUE_CHECKS */;
/*!40101 SET CHARACTER_SET_CLIENT=@OLD_CHARACTER_SET_CLIENT */;
/*!40101 SET CHARACTER_SET_RESULTS=@OLD_CHARACTER_SET_RESULTS */;
/*!40101 SET COLLATION_CONNECTION=@OLD_COLLATION_CONNECTION */;
/*!40111 SET SQL_NOTES=@OLD_SQL_NOTES */;

-- Dump completed on 2022-07-27  0:25:48
